[
   {
      "model":"links.tag",
      "pk":1,
      "fields":{
         "name":"React",
         "description":"",
         "user":null
      }
   },
   {
      "model":"links.tag",
      "pk":2,
      "fields":{
         "name":"Python",
         "description":"",
         "user":null
      }
   },
   {
      "model":"links.tag",
      "pk":3,
      "fields":{
         "name":"Pycon2017",
         "description":"",
         "user":1
      }
   },
   {
      "model":"links.tag",
      "pk":4,
      "fields":{
         "name":"Workshop/Talk",
         "description":"",
         "user":null
      }
   },
   {
      "model":"links.tag",
      "pk":5,
      "fields":{
         "name":"Django",
         "description":"",
         "user":null
      }
   },
   {
      "model":"links.link",
      "pk":1,
      "fields":{
         "name":"Gitlab with workshop",
         "url":"https://gitlab.com/FedeG/django-react-workshop/",
         "pending":true,
         "description":"",
         "user":1
      }
   },
   {
      "model":"links.link",
      "pk":2,
      "fields":{
         "name":"Workshop Documentation",
         "url":"https://fedeg.gitlab.io/django-react-workshop/#/",
         "pending":true,
         "description":"",
         "user":1
      }
   },
   {
      "model":"links.link",
      "pk":3,
      "fields":{
         "name":"Workshop deploy",
         "url":"https://django-react-workshop.herokuapp.com",
         "pending":false,
         "description":"",
         "user":1
      }
   },
   {
      "model":"links.link",
      "pk":4,
      "fields":{
         "name":"Django tranlations",
         "url":"https://docs.djangoproject.com/en/1.11/topics/i18n/translation/",
         "pending":false,
         "description":"",
         "user":1
      }
   },
   {
      "model":"links.link",
      "pk":5,
      "fields":{
         "name":"Bootstrap",
         "url":"http://getbootstrap.com",
         "pending":false,
         "description":"",
         "user":1
      }
   },
   {
      "model":"links.link",
      "pk":6,
      "fields":{
         "name":"Extra fields on many to many",
         "url":"https://docs.djangoproject.com/en/1.11/topics/db/models/#extra-fields-on-many-to-many-relationships",
         "pending":false,
         "description":"",
         "user":1
      }
   },
   {
      "model":"links.link",
      "pk":7,
      "fields":{
         "name":"eslint",
         "url":"http://rapilabs.github.io/eslintrc-generator/",
         "pending":false,
         "description":"",
         "user":1
      }
   },
   {
      "model":"links.link",
      "pk":8,
      "fields":{
         "name":"docker",
         "url":"https://docs.docker.com",
         "pending":false,
         "description":"",
         "user":1
      }
   },
   {
      "model":"links.link",
      "pk":9,
      "fields":{
         "name":"virtualenvwrapper",
         "url":"http://virtualenvwrapper.readthedocs.org/en/latest/",
         "pending":false,
         "description":"",
         "user":1
      }
   },
   {
      "model":"links.link",
      "pk":10,
      "fields":{
         "name":"pip documentation",
         "url":"https://pip.readthedocs.org/en/1.1/requirements.html",
         "pending":false,
         "description":"",
         "user":1
      }
   },
   {
      "model":"links.link",
      "pk":11,
      "fields":{
         "name":"Redux Documentation",
         "url":"https://redux.js.org/",
         "pending":false,
         "description":"",
         "user":1
      }
   },
   {
      "model":"links.link",
      "pk":12,
      "fields":{
         "name":"Redux Glosary",
         "url":"https://redux.js.org/docs/Glossary.html",
         "pending":false,
         "description":"",
         "user":1
      }
   },
   {
      "model":"links.link",
      "pk":13,
      "fields":{
         "name":"Django Rest Framework (DRF)",
         "url":"http://www.django-rest-framework.org/",
         "pending":false,
         "description":"",
         "user":1
      }
   },
   {
      "model":"links.link",
      "pk":14,
      "fields":{
         "name":"DRF Install",
         "url":"http://www.django-rest-framework.org/#installation",
         "pending":false,
         "description":"",
         "user":1
      }
   },
   {
      "model":"links.link",
      "pk":15,
      "fields":{
         "name":"DRF Viewsets",
         "url":"http://www.django-rest-framework.org/api-guide/viewsets/",
         "pending":false,
         "description":"",
         "user":1
      }
   },
   {
      "model":"links.link",
      "pk":16,
      "fields":{
         "name":"DRF Serializers",
         "url":"http://www.django-rest-framework.org/api-guide/serializers/",
         "pending":false,
         "description":"",
         "user":1
      }
   },
   {
      "model":"links.link",
      "pk":17,
      "fields":{
         "name":"Jest",
         "url":"https://facebook.github.io/jest/",
         "pending":false,
         "description":"",
         "user":1
      }
   },
   {
      "model":"links.link",
      "pk":18,
      "fields":{
         "name":"Enzyme",
         "url":"http://airbnb.io/enzyme/",
         "pending":false,
         "description":"",
         "user":1
      }
   },
   {
      "model":"links.link",
      "pk":19,
      "fields":{
         "name":"django channels",
         "url":"http://channels.readthedocs.io/en/latest/getting-started.html",
         "pending":false,
         "description":"",
         "user":1
      }
   },
   {
      "model":"links.link",
      "pk":20,
      "fields":{
         "name":"react-websocket",
         "url":"https://www.npmjs.com/package/react-websocket",
         "pending":false,
         "description":"",
         "user":1
      }
   },
   {
      "model":"links.link",
      "pk":21,
      "fields":{
         "name":"Babel",
         "url":"http://babeljs.io",
         "pending":false,
         "description":"",
         "user":1
      }
   },
   {
      "model":"links.link",
      "pk":22,
      "fields":{
         "name":"yarn vs npm",
         "url":"https://medium.com/@nikjohn/facebooks-yarn-vs-npm-is-yarn-really-better-1890b3ea6515",
         "pending":false,
         "description":"",
         "user":1
      }
   },
   {
      "model":"links.link",
      "pk":23,
      "fields":{
         "name":"Twitter Bootstrap CSS",
         "url":"http://getbootstrap.com",
         "pending":false,
         "description":"",
         "user":1
      }
   },
   {
      "model":"links.link",
      "pk":24,
      "fields":{
         "name":"Pytest",
         "url":"https://docs.pytest.org/en/latest/",
         "pending":false,
         "description":"",
         "user":1
      }
   },
   {
      "model":"links.link",
      "pk":25,
      "fields":{
         "name":"Pytest Mark",
         "url":"https://docs.pytest.org/en/latest/mark.html",
         "pending":false,
         "description":"",
         "user":1
      }
   },
   {
      "model":"links.link",
      "pk":26,
      "fields":{
         "name":"Pytest Mark django_db",
         "url":"http://pytest-django.readthedocs.io/en/latest/helpers.html#pytest-mark-django-db-transaction-false-request-database-access",
         "pending":false,
         "description":"",
         "user":1
      }
   },
   {
      "model":"links.link",
      "pk":27,
      "fields":{
         "name":"Django_dynamic_fixture",
         "url":"http://django-dynamic-fixture.readthedocs.io/en/latest/overview.html#basic-example-of-usage",
         "pending":false,
         "description":"",
         "user":1
      }
   },
   {
      "model":"links.link",
      "pk":28,
      "fields":{
         "name":"Presentational vs container",
         "url":"https://medium.com/@dan_abramov/smart-and-dumb-components-7ca2f9a7c7d0",
         "pending":false,
         "description":"",
         "user":1
      }
   },
   {
      "model":"links.link",
      "pk":29,
      "fields":{
         "name":"Composition vs inheritance",
         "url":"https://reactjs.org/docs/composition-vs-inheritance.html",
         "pending":false,
         "description":"",
         "user":1
      }
   },
   {
      "model":"links.link",
      "pk":30,
      "fields":{
         "name":"Introducing jsx",
         "url":"https://reactjs.org/docs/introducing-jsx.html",
         "pending":false,
         "description":"",
         "user":1
      }
   },
   {
      "model":"links.link",
      "pk":31,
      "fields":{
         "name":"JSX in depth",
         "url":"https://reactjs.org/docs/jsx-in-depth.html",
         "pending":false,
         "description":"",
         "user":1
      }
   },
   {
      "model":"links.link",
      "pk":32,
      "fields":{
         "name":"this.props.children",
         "url":"https://learn.co/lessons/react-this-props-children",
         "pending":false,
         "description":"",
         "user":1
      }
   },
   {
      "model":"links.linktag",
      "pk":1,
      "fields":{
         "link":1,
         "tag":1
      }
   },
   {
      "model":"links.linktag",
      "pk":2,
      "fields":{
         "link":1,
         "tag":2
      }
   },
   {
      "model":"links.linktag",
      "pk":3,
      "fields":{
         "link":1,
         "tag":3
      }
   },
   {
      "model":"links.linktag",
      "pk":4,
      "fields":{
         "link":1,
         "tag":4
      }
   },
   {
      "model":"links.linktag",
      "pk":5,
      "fields":{
         "link":2,
         "tag":2
      }
   },
   {
      "model":"links.linktag",
      "pk":6,
      "fields":{
         "link":2,
         "tag":5
      }
   },
   {
      "model":"links.linktag",
      "pk":7,
      "fields":{
         "link":4,
         "tag":2
      }
   },
   {
      "model":"links.linktag",
      "pk":8,
      "fields":{
         "link":4,
         "tag":5
      }
   }
]
